GEN UID,Bus ID,Gen ID,Unit Group,Unit Type,Category,Fuel,MW Inj,MVAR Inj,V Setpoint p.u.,PMax MW,PMin MW,QMax MVAR,QMin MVAR,Min Down Time Hr,Min Up Time Hr,Ramp Rate MW/Min,Start Time Cold Hr,Cold Start Possible?,Start Time Warm Hr,Warm Start Possible?,Start Time Hot Hr,Hot Start Possible?,Start Heat Cold MMBTU,Start Heat Warm MMBTU,Start Heat Hot MMBTU,Non Fuel Start Cost $,Non Fuel Shutdown Cost $,FOR,MTTF Hr,MTTR Hr,Scheduled Maint Weeks,Fuel Price $/MMBTU,Output_pct_0,Output_pct_1,Output_pct_2,Output_pct_3,Output_pct_4,HR_avg_0,HR_avg_0 (MMBTU/MWh),HR_avg_0 ($/MWh),HR_incr_1,HR_incr_1 (MMBTU/MWh),HR_incr_1 ($/MWh),HR_incr_2,HR_incr_2 (MMBTU/MWh),HR_incr_2 ($/MWh),HR_incr_3,HR_incr_3 (MMBTU/MWh),HR_incr_3 (MMBTU/MWh),HR_incr_4,HR_incr_4(MMBTU/MWh),HR_incr_4($/MWh),VOM,Fuel Sulfur Content %,Emissions SO2 Lbs/MMBTU,Emissions NOX Lbs/MMBTU,Emissions Part Lbs/MMBTU,Emissions CO2 Lbs/MMBTU,Emissions CH4 Lbs/MMBTU,Emissions N2O Lbs/MMBTU,Emissions CO Lbs/MMBTU,Emissions VOCs Lbs/MMBTU,Damping Ratio,Inertia MJ/MW,Base MVA,Transformer X p.u.,Unit X p.u.,Pump Load MW,Storage Roundtrip Efficiency
101_CT_1,101,1,U20,CT,Oil CT,Oil,8,4.96,1.0468,20,8,10,0,1,1,3,1,1,0,0,0,0,5,5,5,0,0,0.1,450,50,2,10.3494,0.4,0.6,0.8,1,NA,13114,13.114,135.7220316,9456,9.456,97.8639264,9476,9.476,98.0709144,10352,10.352,107.1369888,NA,NA,NA,0,0.2,0.2,0.5,0.036,160,0.002,0.004,0.11,0.04,0,2.8,24,0.13,0.32,0,0
101_CT_2,101,2,U20,CT,Oil CT,Oil,8,4.96,1.0468,20,8,10,0,1,1,3,1,1,0,0,0,0,5,5,5,0,0,0.1,450,50,2,10.3494,0.4,0.6,0.8,1,NA,13114,13.114,135.7220316,9456,9.456,97.8639264,9476,9.476,98.0709144,10352,10.352,107.1369888,NA,NA,NA,0,0.2,0.2,0.5,0.036,160,0.002,0.004,0.11,0.04,0,2.8,24,0.13,0.32,0,0
101_STEAM_3,101,3,U76,STEAM,Coal,Coal,76,0.14,1.0468,76,30,30,-25,4,8,2,12,1,10,1,3,0,5284.8,4861.4,3379.4,0,0,0.02,1960,40,3,2.11399,0.394736842,0.596491228,0.798245614,1,NA,13270,13.27,28.0526473,6713,6.713,14.19121487,8028,8.028,16.97111172,8549,8.549,18.07250051,NA,NA,NA,0,Unit-specific,Unit-specific,Unit-specific,Unit-specific,210,0.001,0.004,0.02,0.003,0,3,89,0.13,0.3,0,0
101_STEAM_4,101,4,U76,STEAM,Coal,Coal,76,0.14,1.0468,76,30,30,-25,4,8,2,12,1,10,1,3,0,5284.8,4861.4,3379.4,0,0,0.02,1960,40,3,2.11399,0.394736842,0.596491228,0.798245614,1,NA,13270,13.27,28.0526473,6713,6.713,14.19121487,8028,8.028,16.97111172,8549,8.549,18.07250051,NA,NA,NA,0,Unit-specific,Unit-specific,Unit-specific,Unit-specific,210,0.001,0.004,0.02,0.003,0,3,89,0.13,0.3,0,0
102_CT_1,102,1,U20,CT,Oil CT,Oil,8,4.88,1.0467,20,8,10,0,1,1,3,1,1,0,0,0,0,5,5,5,0,0,0.1,450,50,2,10.3494,0.4,0.6,0.8,1,NA,14639,14.639,151.5048666,8597,8.597,88.9737918,9147,9.147,94.6659618,9622,9.622,99.5819268,NA,NA,NA,0,0.2,0.2,0.5,0.036,160,0.002,0.004,0.11,0.04,0,2.8,24,0.13,0.32,0,0
102_CT_2,102,2,U20,CT,Oil CT,Oil,8,4.88,1.0467,20,8,10,0,1,1,3,1,1,0,0,0,0,5,5,5,0,0,0.1,450,50,2,10.3494,0.4,0.6,0.8,1,NA,14639,14.639,151.5048666,8597,8.597,88.9737918,9147,9.147,94.6659618,9622,9.622,99.5819268,NA,NA,NA,0,0.2,0.2,0.5,0.036,160,0.002,0.004,0.11,0.04,0,2.8,24,0.13,0.32,0,0
102_STEAM_3,102,3,U76,STEAM,Coal,Coal,76,-2.31,1.0467,76,30,30,-25,4,8,2,12,1,10,1,3,0,5284.8,4861.4,3379.4,0,0,0.02,1960,40,3,2.11399,0.394736842,0.596491228,0.798245614,1,NA,11591,11.591,24.50325809,8734,8.734,18.46358866,9861,9.861,20.84605539,10651,10.651,22.51610749,NA,NA,NA,0,Unit-specific,Unit-specific,Unit-specific,Unit-specific,210,0.001,0.004,0.02,0.003,0,3,89,0.13,0.3,0,0
102_STEAM_4,102,4,U76,STEAM,Coal,Coal,76,-2.31,1.0467,76,30,30,-25,4,8,2,12,1,10,1,3,0,5284.8,4861.4,3379.4,0,0,0.02,1960,40,3,2.11399,0.394736842,0.596491228,0.798245614,1,NA,11591,11.591,24.50325809,8734,8.734,18.46358866,9861,9.861,20.84605539,10651,10.651,22.51610749,NA,NA,NA,0,Unit-specific,Unit-specific,Unit-specific,Unit-specific,210,0.001,0.004,0.02,0.003,0,3,89,0.13,0.3,0,0
107_CC_1,107,1,U355,CC,Gas CC,NG,355,49.51,1.05,355,170,150,-25,4.5,8,4.14,2,1,1,0,0.5,0,7215.1,4536.1,3196.6,0,0,0.033,967,33,1.07,3.88722,0.478873239,0.65258216,0.82629108,1,NA,7222,7.222,28.07350284,5970,5.97,23.2067034,6892,6.892,26.79072024,7854,7.854,30.53022588,NA,NA,NA,0,0,0.0006,0.079999998,0,118,0,0,0,0,0,5,414,0.13,0.3,0,0
113_CT_1,113,1,U55,CT,Gas CT,NG,55,19,1.0347,55,22,19,-15,2.2,2.2,3.7,1,1,0.75,0,0.25,0,1457.4,1122.5,452.8,0,0,0.031,969,31,0.79,3.88722,0.4,0.6,0.8,1,NA,13125,13.125,51.0197625,6899,6.899,26.81793078,7602,7.602,29.55064644,7797,7.797,30.30865434,NA,NA,NA,0,0,0.0006,0.079999998,0,118,0,0,0,0,0,2.8,64,0.13,0.32,0,0
113_CT_2,113,2,U55,CT,Gas CT,NG,55,19,1.0347,55,22,19,-15,2.2,2.2,3.7,1,1,0.75,0,0.25,0,1457.4,1122.5,452.8,0,0,0.031,969,31,0.79,3.88722,0.4,0.6,0.8,1,NA,13125,13.125,51.0197625,6899,6.899,26.81793078,7602,7.602,29.55064644,7797,7.797,30.30865434,NA,NA,NA,0,0,0.0006,0.079999998,0,118,0,0,0,0,0,2.8,64,0.13,0.32,0,0
113_CT_3,113,3,U55,CT,Gas CT,NG,55,19,1.0347,55,22,19,-15,2.2,2.2,3.7,1,1,0.75,0,0.25,0,1457.4,1122.5,452.8,0,0,0.031,969,31,0.79,3.88722,0.4,0.6,0.8,1,NA,13125,13.125,51.0197625,6899,6.899,26.81793078,7602,7.602,29.55064644,7797,7.797,30.30865434,NA,NA,NA,0,0,0.0006,0.079999998,0,118,0,0,0,0,0,2.8,64,0.13,0.32,0,0
113_CT_4,113,4,U55,CT,Gas CT,NG,55,19,1.0347,55,22,19,-15,2.2,2.2,3.7,1,1,0.75,0,0.25,0,1457.4,1122.5,452.8,0,0,0.031,969,31,0.79,3.88722,0.4,0.6,0.8,1,NA,13125,13.125,51.0197625,6899,6.899,26.81793078,7602,7.602,29.55064644,7797,7.797,30.30865434,NA,NA,NA,0,0,0.0006,0.079999998,0,118,0,0,0,0,0,2.8,64,0.13,0.32,0,0
115_STEAM_1,115,1,U12,STEAM,Oil ST,Oil,5,6,1.0428,12,5,6,0,2,4,1,12,1,4,1,2,1,68,44,38,0,0,0.02,2940,60,2,10.3494,0.416666667,0.611111111,0.805555556,1,NA,17340,17.34,179.458596,12030,12.03,124.503282,12083,12.083,125.0518002,12913,12.913,133.6418022,NA,NA,NA,0,Unit-Specific,Unit-specific,0.5,0.1,170,0.002,0.004,0.04,0.007,0,2.8,14,0.13,0.32,0,0
115_STEAM_2,115,2,U12,STEAM,Oil ST,Oil,5,6,1.0428,12,5,6,0,2,4,1,12,1,4,1,2,1,68,44,38,0,0,0.02,2940,60,2,10.3494,0.416666667,0.611111111,0.805555556,1,NA,17340,17.34,179.458596,12030,12.03,124.503282,12083,12.083,125.0518002,12913,12.913,133.6418022,NA,NA,NA,0,Unit-Specific,Unit-specific,0.5,0.1,170,0.002,0.004,0.04,0.007,0,2.8,14,0.13,0.32,0,0
115_STEAM_3,115,3,U155,STEAM,Coal,Coal,155,80,1.0428,155,62,80,-50,8,8,3,60,1,11,1,3,0,10778.1,7437.5,6892.1,0,0,0.04,960,40,4,2.11399,0.4,0.6,0.8,1,NA,11446,11.446,24.19672954,9650,9.65,20.4000035,10640,10.64,22.4928536,12796,12.796,27.05061604,NA,NA,NA,0,Unit-specific,Unit-specific,Unit-specific,Unit-specific,210,0.001,0.004,0.02,0.003,0,3,182,0.13,0.3,0,0
116_STEAM_1,116,1,U155,STEAM,Coal,Coal,155,80,1.0461,155,62,80,-50,8,8,3,60,1,11,1,3,0,10778.1,7437.5,6892.1,0,0,0.04,960,40,4,2.11399,0.4,0.6,0.8,1,NA,13238,13.238,27.98499962,9312,9.312,19.68547488,10158,10.158,21.47391042,11294,11.294,23.87540306,NA,NA,NA,0,Unit-specific,Unit-specific,Unit-specific,Unit-specific,210,0.001,0.004,0.02,0.003,0,3,182,0.13,0.3,0,0
118_CC_1,118,1,U355,CC,Gas CC,NG,355,68.43,1.05,355,170,150,-25,4.5,8,4.14,2,1,1,0,0.5,0,7215.1,4536.1,3196.6,0,0,0.033,967,33,1.07,3.88722,0.478873239,0.65258216,0.82629108,1,NA,7257,7.257,28.20955554,5808,5.808,22.57697376,7140,7.14,27.7547508,8351,8.351,32.46217422,NA,NA,NA,0,0,0.0006,0.079999998,0,118,0,0,0,0,0,5,414,0.13,0.3,0,0
123_STEAM_2,123,2,U155,STEAM,Coal,Coal,155,-5.19,1.05,155,62,80,-50,8,8,3,60,1,11,1,3,0,10778.1,7437.5,6892.1,0,0,0.04,960,40,4,2.11399,0.4,0.6,0.8,1,NA,10967,10.967,23.18412833,9191,9.191,19.42968209,10865,10.865,22.96850135,15627,15.627,33.03532173,NA,NA,NA,0,Unit-specific,Unit-specific,Unit-specific,Unit-specific,210,0.001,0.004,0.02,0.003,0,3,182,0.13,0.3,0,0
123_STEAM_3,123,3,U350,STEAM,Coal,Coal,350,28.41,1.05,350,140,150,-25,48,24,4,96,1,12,0,8,0,17384.1,10114.4,9768.2,0,0,0.08,1150,100,5,2.11399,0.4,0.6,0.8,1,NA,12106,12.106,25.59196294,9453,9.453,19.98354747,10240,10.24,21.6472576,11087,11.087,23.43780713,NA,NA,NA,0,Unit-specific,Unit-specific,Unit-specific,Unit-specific,210,0.001,0.004,0.02,0.003,0,3,412,0.13,0.3,0,0
123_CT_1,123,1,U55,CT,Gas CT,NG,55,0.62,1.05,55,22,19,-15,2.2,2.2,3.7,1,1,0.75,0,0.25,0,1457.4,1122.5,452.8,0,0,0.031,969,31,0.79,3.88722,0.4,0.6,0.8,1,NA,12725,12.725,49.4648745,6757,6.757,26.26594554,7667,7.667,29.80331574,7998,7.998,31.08998556,NA,NA,NA,0,0,0.0006,0.079999998,0,118,0,0,0,0,0,2.8,64,0.13,0.32,0,0
123_CT_4,123,4,U55,CT,Gas CT,NG,55,0.62,1.05,55,22,19,-15,2.2,2.2,3.7,1,1,0.75,0,0.25,0,1457.4,1122.5,452.8,0,0,0.031,969,31,0.79,3.88722,0.4,0.6,0.8,1,NA,12725,12.725,49.4648745,6757,6.757,26.26594554,7667,7.667,29.80331574,7998,7.998,31.08998556,NA,NA,NA,0,0,0.0006,0.079999998,0,118,0,0,0,0,0,2.8,64,0.13,0.32,0,0
123_CT_5,123,5,U55,CT,Gas CT,NG,55,0.62,1.05,55,22,19,-15,2.2,2.2,3.7,1,1,0.75,0,0.25,0,1457.4,1122.5,452.8,0,0,0.031,969,31,0.79,3.88722,0.4,0.6,0.8,1,NA,12725,12.725,49.4648745,6757,6.757,26.26594554,7667,7.667,29.80331574,7998,7.998,31.08998556,NA,NA,NA,0,0,0.0006,0.079999998,0,118,0,0,0,0,0,2.8,64,0.13,0.32,0,0
201_CT_1,201,1,U20,CT,Oil CT,Oil,8,5.29,1.05,20,8,10,0,1,1,3,1,1,0,0,0,0,5,5,5,0,0,0.1,450,50,2,10.3494,0.4,0.6,0.8,1,NA,13977,13.977,144.6535638,7969,7.969,82.4743686,8107,8.107,83.9025858,10782,10.782,111.5872308,NA,NA,NA,0,0.2,0.2,0.5,0.036,160,0.002,0.004,0.11,0.04,0,2.8,24,0.13,0.32,0,0
201_CT_2,201,2,U20,CT,Oil CT,Oil,8,5.29,1.05,20,8,10,0,1,1,3,1,1,0,0,0,0,5,5,5,0,0,0.1,450,50,2,10.3494,0.4,0.6,0.8,1,NA,13977,13.977,144.6535638,7969,7.969,82.4743686,8107,8.107,83.9025858,10782,10.782,111.5872308,NA,NA,NA,0,0.2,0.2,0.5,0.036,160,0.002,0.004,0.11,0.04,0,2.8,24,0.13,0.32,0,0
201_STEAM_3,201,3,U76,STEAM,Coal,Coal,76,6.99,1.05,76,30,30,-25,4,8,2,12,1,10,1,3,0,5284.8,4861.4,3379.4,0,0,0.02,1960,40,3,2.11399,0.394736842,0.596491228,0.798245614,1,NA,12989,12.989,27.45861611,10495,10.495,22.18632505,11090,11.09,23.4441491,12185,12.185,25.75896815,NA,NA,NA,0,Unit-specific,Unit-specific,Unit-specific,Unit-specific,210,0.001,0.004,0.02,0.003,0,3,89,0.13,0.3,0,0
202_CT_1,202,1,U20,CT,Oil CT,Oil,8,5.13,1.05,20,8,10,0,1,1,3,1,1,0,0,0,0,5,5,5,0,0,0.1,450,50,2,10.3494,0.4,0.6,0.8,1,NA,13663,13.663,141.4038522,7836,7.836,81.0978984,8442,8.442,87.3696348,9454,9.454,97.8432276,NA,NA,NA,0,0.2,0.2,0.5,0.036,160,0.002,0.004,0.11,0.04,0,2.8,24,0.13,0.32,0,0
202_CT_2,202,2,U20,CT,Oil CT,Oil,8,5.13,1.05,20,8,10,0,1,1,3,1,1,0,0,0,0,5,5,5,0,0,0.1,450,50,2,10.3494,0.4,0.6,0.8,1,NA,13663,13.663,141.4038522,7836,7.836,81.0978984,8442,8.442,87.3696348,9454,9.454,97.8432276,NA,NA,NA,0,0.2,0.2,0.5,0.036,160,0.002,0.004,0.11,0.04,0,2.8,24,0.13,0.32,0,0
202_STEAM_3,202,3,U76,STEAM,Coal,Coal,76,2.01,1.05,76,30,30,-25,4,8,2,12,1,10,1,3,0,5284.8,4861.4,3379.4,0,0,0.02,1960,40,3,2.11399,0.394736842,0.596491228,0.798245614,1,NA,11846,11.846,25.04232554,9989,9.989,21.11664611,10070,10.07,21.2878793,12902,12.902,27.27469898,NA,NA,NA,0,Unit-specific,Unit-specific,Unit-specific,Unit-specific,210,0.001,0.004,0.02,0.003,0,3,89,0.13,0.3,0,0
202_STEAM_4,202,4,U76,STEAM,Coal,Coal,76,2.01,1.05,76,30,30,-25,4,8,2,12,1,10,1,3,0,5284.8,4861.4,3379.4,0,0,0.02,1960,40,3,2.11399,0.394736842,0.596491228,0.798245614,1,NA,11846,11.846,25.04232554,9989,9.989,21.11664611,10070,10.07,21.2878793,12902,12.902,27.27469898,NA,NA,NA,0,Unit-specific,Unit-specific,Unit-specific,Unit-specific,210,0.001,0.004,0.02,0.003,0,3,89,0.13,0.3,0,0
207_CT_1,207,1,U55,CT,Gas CT,NG,55,19,0.9699,55,22,19,-15,2.2,2.2,3.7,1,1,0.75,0,0.25,0,1457.4,1122.5,452.8,0,0,0.031,969,31,0.79,3.88722,0.4,0.6,0.8,1,NA,13051,13.051,50.73210822,8804,8.804,34.22308488,9481,9.481,36.85473282,10955,10.955,42.5844951,NA,NA,NA,0,0,0.0006,0.079999998,0,118,0,0,0,0,0,2.8,64,0.13,0.32,0,0
207_CT_2,207,2,U55,CT,Gas CT,NG,55,19,0.9699,55,22,19,-15,2.2,2.2,3.7,1,1,0.75,0,0.25,0,1457.4,1122.5,452.8,0,0,0.031,969,31,0.79,3.88722,0.4,0.6,0.8,1,NA,13051,13.051,50.73210822,8804,8.804,34.22308488,9481,9.481,36.85473282,10955,10.955,42.5844951,NA,NA,NA,0,0,0.0006,0.079999998,0,118,0,0,0,0,0,2.8,64,0.13,0.32,0,0
213_CC_3,213,3,U355,CC,Gas CC,NG,355,135.8,1.05,355,170,150,-25,4.5,8,4.14,2,1,1,0,0.5,0,7215.1,4536.1,3196.6,0,0,0.033,967,33,1.07,3.88722,0.478873239,0.65258216,0.82629108,1,NA,7824,7.824,30.41360928,6334,6.334,24.62165148,6979,6.979,27.12890838,8749,8.749,34.00928778,NA,NA,NA,0,0,0.0006,0.079999998,0,118,0,0,0,0,0,5,414,0.13,0.3,0,0
213_CT_1,213,1,U55,CT,Gas CT,NG,55,9.23,1.05,55,22,19,-15,2.2,2.2,3.7,1,1,0.75,0,0.25,0,1457.4,1122.5,452.8,0,0,0.031,969,31,0.79,3.88722,0.4,0.6,0.8,1,NA,13125,13.125,51.0197625,6899,6.899,26.81793078,7602,7.602,29.55064644,7797,7.797,30.30865434,NA,NA,NA,0,0,0.0006,0.079999998,0,118,0,0,0,0,0,2.8,64,0.13,0.32,0,0
213_CT_2,213,2,U55,CT,Gas CT,NG,55,9.23,1.05,55,22,19,-15,2.2,2.2,3.7,1,1,0.75,0,0.25,0,1457.4,1122.5,452.8,0,0,0.031,969,31,0.79,3.88722,0.4,0.6,0.8,1,NA,13125,13.125,51.0197625,6899,6.899,26.81793078,7602,7.602,29.55064644,7797,7.797,30.30865434,NA,NA,NA,0,0,0.0006,0.079999998,0,118,0,0,0,0,0,2.8,64,0.13,0.32,0,0
215_CT_4,215,4,U55,CT,Gas CT,NG,55,19,1.0437,55,22,19,-15,2.2,2.2,3.7,1,1,0.75,0,0.25,0,1457.4,1122.5,452.8,0,0,0.031,969,31,0.79,3.88722,0.4,0.6,0.8,1,NA,14229,14.229,55.31125338,6668,6.668,25.91998296,6987,6.987,27.16000614,8421,8.421,32.73427962,NA,NA,NA,0,0,0.0006,0.079999998,0,118,0,0,0,0,0,2.8,64,0.13,0.32,0,0
215_CT_5,215,5,U55,CT,Gas CT,NG,55,19,1.0437,55,22,19,-15,2.2,2.2,3.7,1,1,0.75,0,0.25,0,1457.4,1122.5,452.8,0,0,0.031,969,31,0.79,3.88722,0.4,0.6,0.8,1,NA,14229,14.229,55.31125338,6668,6.668,25.91998296,6987,6.987,27.16000614,8421,8.421,32.73427962,NA,NA,NA,0,0,0.0006,0.079999998,0,118,0,0,0,0,0,2.8,64,0.13,0.32,0,0
216_STEAM_1,216,1,U155,STEAM,Coal,Coal,155,80,1.0473,155,62,80,-50,8,8,3,60,1,11,1,3,0,10778.1,7437.5,6892.1,0,0,0.04,960,40,4,2.11399,0.4,0.6,0.8,1,NA,10881,10.881,23.00232519,8786,8.786,18.57351614,10333,10.333,21.84385867,11191,11.191,23.65766209,NA,NA,NA,0,Unit-specific,Unit-specific,Unit-specific,Unit-specific,210,0.001,0.004,0.02,0.003,0,3,182,0.13,0.3,0,0
218_CC_1,218,1,U355,CC,Gas CC,NG,355,60.3,1.05,355,170,150,-25,4.5,8,4.14,2,1,1,0,0.5,0,7215.1,4536.1,3196.6,0,0,0.033,967,33,1.07,3.88722,0.478873239,0.65258216,0.82629108,1,NA,11385,11.385,44.2559997,5388,5.388,20.94434136,5575,5.575,21.6712515,7658,7.658,29.76833076,NA,NA,NA,0,0,0.0006,0.079999998,0,118,0,0,0,0,0,5,414,0.13,0.3,0,0
221_CC_1,221,1,U355,CC,Gas CC,NG,296.97,-7.52,1.05,355,170,150,-25,4.5,8,4.14,2,1,1,0,0.5,0,7215.1,4536.1,3196.6,0,0,0.033,967,33,1.07,3.88722,0.478873239,0.65258216,0.82629108,1,NA,6887,6.887,26.77128414,5950,5.95,23.128959,6772,6.772,26.32425384,9293,9.293,36.12393546,NA,NA,NA,0,0,0.0006,0.079999998,0,118,0,0,0,0,0,5,414,0.13,0.3,0,0
223_STEAM_1,223,1,U155,STEAM,Coal,Coal,155,-10.31,1.05,155,62,80,-50,8,8,3,60,1,11,1,3,0,10778.1,7437.5,6892.1,0,0,0.04,960,40,4,2.11399,0.4,0.6,0.8,1,NA,10857,10.857,22.95158943,9004,9.004,19.03436596,9314,9.314,19.68970286,9659,9.659,20.41902941,NA,NA,NA,0,Unit-specific,Unit-specific,Unit-specific,Unit-specific,210,0.001,0.004,0.02,0.003,0,3,182,0.13,0.3,0,0
223_STEAM_2,223,2,U155,STEAM,Coal,Coal,155,-10.31,1.05,155,62,80,-50,8,8,3,60,1,11,1,3,0,10778.1,7437.5,6892.1,0,0,0.04,960,40,4,2.11399,0.4,0.6,0.8,1,NA,10857,10.857,22.95158943,9004,9.004,19.03436596,9314,9.314,19.68970286,9659,9.659,20.41902941,NA,NA,NA,0,Unit-specific,Unit-specific,Unit-specific,Unit-specific,210,0.001,0.004,0.02,0.003,0,3,182,0.13,0.3,0,0
223_STEAM_3,223,3,U350,STEAM,Coal,Coal,350,20.59,1.05,350,140,150,-25,48,24,4,96,1,12,0,8,0,17384.1,10114.4,9768.2,0,0,0.08,1150,100,5,2.11399,0.4,0.6,0.8,1,NA,11229,11.229,23.73799371,8922,8.922,18.86101878,10913,10.913,23.06997287,11645,11.645,24.61741355,NA,NA,NA,0,Unit-specific,Unit-specific,Unit-specific,Unit-specific,210,0.001,0.004,0.02,0.003,0,3,412,0.13,0.3,0,0
223_CT_4,223,4,U55,CT,Gas CT,NG,22,0.24,1.05,55,22,19,-15,2.2,2.2,3.7,1,1,0.75,0,0.25,0,1457.4,1122.5,452.8,0,0,0.031,969,31,0.79,3.88722,0.4,0.6,0.8,1,NA,19794,19.794,76.94363268,9595,9.595,37.2978759,10225,10.225,39.7468245,10676,10.676,41.49996072,NA,NA,NA,0,0,0.0006,0.079999998,0,118,0,0,0,0,0,2.8,64,0.13,0.32,0,0
223_CT_5,223,5,U55,CT,Gas CT,NG,22,0.24,1.05,55,22,19,-15,2.2,2.2,3.7,1,1,0.75,0,0.25,0,1457.4,1122.5,452.8,0,0,0.031,969,31,0.79,3.88722,0.4,0.6,0.8,1,NA,19794,19.794,76.94363268,9595,9.595,37.2978759,10225,10.225,39.7468245,10676,10.676,41.49996072,NA,NA,NA,0,0,0.0006,0.079999998,0,118,0,0,0,0,0,2.8,64,0.13,0.32,0,0
223_CT_6,223,6,U55,CT,Gas CT,NG,22,0.24,1.05,55,22,19,-15,2.2,2.2,3.7,1,1,0.75,0,0.25,0,1457.4,1122.5,452.8,0,0,0.031,969,31,0.79,3.88722,0.4,0.6,0.8,1,NA,19794,19.794,76.94363268,9595,9.595,37.2978759,10225,10.225,39.7468245,10676,10.676,41.49996072,NA,NA,NA,0,0,0.0006,0.079999998,0,118,0,0,0,0,0,2.8,64,0.13,0.32,0,0
301_CT_1,301,1,U20,CT,Oil CT,Oil,8,7.95,1.05,20,8,10,0,1,1,3,1,1,0,0,0,0,5,5,5,0,0,0.1,450,50,2,10.3494,0.4,0.6,0.8,1,NA,14593,14.593,151.0287942,8431,8.431,87.2557914,9633,9.633,99.6957702,10181,10.181,105.3672414,NA,NA,NA,0,0.2,0.2,0.5,0.036,160,0.002,0.004,0.11,0.04,0,2.8,24,0.13,0.32,0,0
301_CT_2,301,2,U20,CT,Oil CT,Oil,8,7.95,1.05,20,8,10,0,1,1,3,1,1,0,0,0,0,5,5,5,0,0,0.1,450,50,2,10.3494,0.4,0.6,0.8,1,NA,14593,14.593,151.0287942,8431,8.431,87.2557914,9633,9.633,99.6957702,10181,10.181,105.3672414,NA,NA,NA,0,0.2,0.2,0.5,0.036,160,0.002,0.004,0.11,0.04,0,2.8,24,0.13,0.32,0,0
301_CT_3,301,3,U55,CT,Gas CT,NG,44,16.53,1.05,55,22,19,-15,2.2,2.2,3.7,1,1,0.75,0,0.25,0,1457.4,1122.5,452.8,0,0,0.031,969,31,0.79,3.88722,0.4,0.6,0.8,1,NA,13090,13.09,50.8837098,7324,7.324,28.46999928,7534,7.534,29.28631548,11253,11.253,43.74288666,NA,NA,NA,0,0,0.0006,0.079999998,0,118,0,0,0,0,0,2.8,64,0.13,0.32,0,0
301_CT_4,301,4,U55,CT,Gas CT,NG,44,16.53,1.05,55,22,19,-15,2.2,2.2,3.7,1,1,0.75,0,0.25,0,1457.4,1122.5,452.8,0,0,0.031,969,31,0.79,3.88722,0.4,0.6,0.8,1,NA,13090,13.09,50.8837098,7324,7.324,28.46999928,7534,7.534,29.28631548,11253,11.253,43.74288666,NA,NA,NA,0,0,0.0006,0.079999998,0,118,0,0,0,0,0,2.8,64,0.13,0.32,0,0
302_CT_1,302,1,U20,CT,Oil CT,Oil,8,6.16,1.05,20,8,10,0,1,1,3,1,1,0,0,0,0,5,5,5,0,0,0.1,450,50,2,10.3494,0.4,0.6,0.8,1,NA,14593,14.593,151.0287942,8431,8.431,87.2557914,9633,9.633,99.6957702,10181,10.181,105.3672414,NA,NA,NA,0,0.2,0.2,0.5,0.036,160,0.002,0.004,0.11,0.04,0,2.8,24,0.13,0.32,0,0
302_CT_2,302,2,U20,CT,Oil CT,Oil,8,6.16,1.05,20,8,10,0,1,1,3,1,1,0,0,0,0,5,5,5,0,0,0.1,450,50,2,10.3494,0.4,0.6,0.8,1,NA,14593,14.593,151.0287942,8431,8.431,87.2557914,9633,9.633,99.6957702,10181,10.181,105.3672414,NA,NA,NA,0,0.2,0.2,0.5,0.036,160,0.002,0.004,0.11,0.04,0,2.8,24,0.13,0.32,0,0
302_CT_3,302,3,U55,CT,Gas CT,NG,55,10.99,1.05,55,22,19,-15,2.2,2.2,3.7,1,1,0.75,0,0.25,0,1457.4,1122.5,452.8,0,0,0.031,969,31,0.79,3.88722,0.4,0.6,0.8,1,NA,15395,15.395,59.8437519,8693,8.693,33.79160346,9874,9.874,38.38241028,9939,9.939,38.63507958,NA,NA,NA,0,0,0.0006,0.079999998,0,118,0,0,0,0,0,2.8,64,0.13,0.32,0,0
302_CT_4,302,4,U55,CT,Gas CT,NG,55,10.99,1.05,55,22,19,-15,2.2,2.2,3.7,1,1,0.75,0,0.25,0,1457.4,1122.5,452.8,0,0,0.031,969,31,0.79,3.88722,0.4,0.6,0.8,1,NA,15395,15.395,59.8437519,8693,8.693,33.79160346,9874,9.874,38.38241028,9939,9.939,38.63507958,NA,NA,NA,0,0,0.0006,0.079999998,0,118,0,0,0,0,0,2.8,64,0.13,0.32,0,0
307_CT_1,307,1,U55,CT,Gas CT,NG,55,19,0.9568,55,22,19,-15,2.2,2.2,3.7,1,1,0.75,0,0.25,0,1457.4,1122.5,452.8,0,0,0.031,969,31,0.79,3.88722,0.4,0.6,0.8,1,NA,13353,13.353,51.90604866,7176,7.176,27.89469072,7517,7.517,29.22023274,9126,9.126,35.47476972,NA,NA,NA,0,0,0.0006,0.079999998,0,118,0,0,0,0,0,2.8,64,0.13,0.32,0,0
307_CT_2,307,2,U55,CT,Gas CT,NG,55,19,0.9568,55,22,19,-15,2.2,2.2,3.7,1,1,0.75,0,0.25,0,1457.4,1122.5,452.8,0,0,0.031,969,31,0.79,3.88722,0.4,0.6,0.8,1,NA,13353,13.353,51.90604866,7176,7.176,27.89469072,7517,7.517,29.22023274,9126,9.126,35.47476972,NA,NA,NA,0,0,0.0006,0.079999998,0,118,0,0,0,0,0,2.8,64,0.13,0.32,0,0
313_CC_1,313,1,U355,CC,Gas CC,NG,355,150,1.035,355,170,150,-25,4.5,8,4.14,2,1,1,0,0.5,0,7215.1,4536.1,3196.6,0,0,0.033,967,33,1.07,3.88722,0.478873239,0.65258216,0.82629108,1,NA,7934,7.934,30.84120348,4047,4.047,15.73157934,6883,6.883,26.75573526,8683,8.683,33.75273126,NA,NA,NA,0,0,0.0006,0.079999998,0,118,0,0,0,0,0,5,414,0.13,0.3,0,0
315_STEAM_1,315,1,U12,STEAM,Oil ST,Oil,5,6,1.0422,12,5,6,0,2,4,1,12,1,4,1,2,1,68,44,38,0,0,0.02,2940,60,2,10.3494,0.416666667,0.611111111,0.805555556,1,NA,14410,14.41,149.134854,7289,7.289,75.4367766,9701,9.701,100.3995294,11991,11.991,124.0996554,NA,NA,NA,0,Unit-Specific,Unit-specific,0.5,0.1,170,0.002,0.004,0.04,0.007,0,2.8,14,0.13,0.32,0,0
315_STEAM_2,315,2,U12,STEAM,Oil ST,Oil,5,6,1.0422,12,5,6,0,2,4,1,12,1,4,1,2,1,68,44,38,0,0,0.02,2940,60,2,10.3494,0.416666667,0.611111111,0.805555556,1,NA,14410,14.41,149.134854,7289,7.289,75.4367766,9701,9.701,100.3995294,11991,11.991,124.0996554,NA,NA,NA,0,Unit-Specific,Unit-specific,0.5,0.1,170,0.002,0.004,0.04,0.007,0,2.8,14,0.13,0.32,0,0
315_STEAM_3,315,3,U12,STEAM,Oil ST,Oil,5,6,1.0422,12,5,6,0,2,4,1,12,1,4,1,2,1,68,44,38,0,0,0.02,2940,60,2,10.3494,0.416666667,0.611111111,0.805555556,1,NA,14410,14.41,149.134854,7289,7.289,75.4367766,9701,9.701,100.3995294,11991,11.991,124.0996554,NA,NA,NA,0,Unit-Specific,Unit-specific,0.5,0.1,170,0.002,0.004,0.04,0.007,0,2.8,14,0.13,0.32,0,0
315_STEAM_4,315,4,U12,STEAM,Oil ST,Oil,5,6,1.0422,12,5,6,0,2,4,1,12,1,4,1,2,1,68,44,38,0,0,0.02,2940,60,2,10.3494,0.416666667,0.611111111,0.805555556,1,NA,14410,14.41,149.134854,7289,7.289,75.4367766,9701,9.701,100.3995294,11991,11.991,124.0996554,NA,NA,NA,0,Unit-Specific,Unit-specific,0.5,0.1,170,0.002,0.004,0.04,0.007,0,2.8,14,0.13,0.32,0,0
315_STEAM_5,315,5,U12,STEAM,Oil ST,Oil,5,6,1.0422,12,5,6,0,2,4,1,12,1,4,1,2,1,68,44,38,0,0,0.02,2940,60,2,10.3494,0.416666667,0.611111111,0.805555556,1,NA,14410,14.41,149.134854,7289,7.289,75.4367766,9701,9.701,100.3995294,11991,11.991,124.0996554,NA,NA,NA,0,Unit-Specific,Unit-specific,0.5,0.1,170,0.002,0.004,0.04,0.007,0,2.8,14,0.13,0.32,0,0
315_CT_6,315,6,U55,CT,Gas CT,NG,55,19,1.0422,55,22,19,-15,2.2,2.2,3.7,1,1,0.75,0,0.25,0,1457.4,1122.5,452.8,0,0,0.031,969,31,0.79,3.88722,0.4,0.6,0.8,1,NA,10342,10.342,40.20162924,6792,6.792,26.40199824,6919,6.919,26.89567518,8195,8.195,31.8557679,NA,NA,NA,0,0,0.0006,0.079999998,0,118,0,0,0,0,0,2.8,64,0.13,0.32,0,0
315_CT_7,315,7,U55,CT,Gas CT,NG,55,19,1.0422,55,22,19,-15,2.2,2.2,3.7,1,1,0.75,0,0.25,0,1457.4,1122.5,452.8,0,0,0.031,969,31,0.79,3.88722,0.4,0.6,0.8,1,NA,10342,10.342,40.20162924,6792,6.792,26.40199824,6919,6.919,26.89567518,8195,8.195,31.8557679,NA,NA,NA,0,0,0.0006,0.079999998,0,118,0,0,0,0,0,2.8,64,0.13,0.32,0,0
315_CT_8,315,8,U55,CT,Gas CT,NG,55,60,1.0422,55,22,60,0,2.2,2.2,3.7,1,1,0.75,0,0.25,0,1457.4,1122.5,452.8,0,0,0.031,969,31,0.79,3.88722,0.4,0.6,0.8,1,NA,10342,10.342,40.20162924,6792,6.792,26.40199824,6919,6.919,26.89567518,8195,8.195,31.8557679,NA,NA,NA,0,0,0.0006,0.079999998,0,118,0,0,0,0,0,2.8,64,0.13,0.32,0,0
316_STEAM_1,316,1,U155,STEAM,Coal,Coal,155,80,1.0449,155,62,80,-50,8,8,3,60,1,11,1,3,0,10778.1,7437.5,6892.1,0,0,0.04,960,40,4,2.11399,0.4,0.6,0.8,1,NA,11846,11.846,25.04232554,9989,9.989,21.11664611,10070,10.07,21.2878793,12902,12.902,27.27469898,NA,NA,NA,0,Unit-specific,Unit-specific,Unit-specific,Unit-specific,210,0.001,0.004,0.02,0.003,0,3,182,0.13,0.3,0,0
318_CC_1,318,1,U355,CC,Gas CC,NG,355,63.12,1.05,355,170,150,-25,4.5,8,4.14,2,1,1,0,0.5,0,7215.1,4536.1,3196.6,0,0,0.033,967,33,1.07,3.88722,0.478873239,0.65258216,0.82629108,1,NA,7952,7.952,30.91117344,6906,6.906,26.84514132,7017,7.017,27.27662274,8111,8.111,31.52924142,NA,NA,NA,0,0,0.0006,0.079999998,0,118,0,0,0,0,0,5,414,0.13,0.3,0,0
321_CC_1,321,1,U355,CC,Gas CC,NG,355,-3.34,1.05,355,170,150,-25,4.5,8,4.14,2,1,1,0,0.5,0,7215.1,4536.1,3196.6,0,0,0.033,967,33,1.07,3.88722,0.478873239,0.65258216,0.82629108,1,NA,7227,7.227,28.09293894,5848,5.848,22.73246256,6665,6.665,25.9083213,8733,8.733,33.94709226,NA,NA,NA,0,0,0.0006,0.079999998,0,118,0,0,0,0,0,5,414,0.13,0.3,0,0
322_CT_5,322,5,U55,CT,Gas CT,NG,55,-9.73,1.05,55,22,19,-15,2.2,2.2,3.7,1,1,0.75,0,0.25,0,1457.4,1122.5,452.8,0,0,0.031,969,31,0.79,3.88722,0.4,0.6,0.8,1,NA,12064,12.064,46.89542208,6003,6.003,23.33498166,6817,6.817,26.49917874,7176,7.176,27.89469072,NA,NA,NA,0,0,0.0006,0.079999998,0,118,0,0,0,0,0,2.8,64,0.13,0.32,0,0
322_CT_6,322,6,U55,CT,Gas CT,NG,55,-9.73,1.05,55,22,19,-15,2.2,2.2,3.7,1,1,0.75,0,0.25,0,1457.4,1122.5,452.8,0,0,0.031,969,31,0.79,3.88722,0.4,0.6,0.8,1,NA,12064,12.064,46.89542208,6003,6.003,23.33498166,6817,6.817,26.49917874,7176,7.176,27.89469072,NA,NA,NA,0,0,0.0006,0.079999998,0,118,0,0,0,0,0,2.8,64,0.13,0.32,0,0
323_CC_1,323,1,U355,CC,Gas CC,NG,355,37.41,1.05,355,170,150,-25,4.5,8,4.14,2,1,1,0,0.5,0,7215.1,4536.1,3196.6,0,0,0.033,967,33,1.07,3.88722,0.478873239,0.65258216,0.82629108,1,NA,7381,7.381,28.69157082,6799,6.799,26.42920878,7789,7.789,30.27755658,8162,8.162,31.72748964,NA,NA,NA,0,0,0.0006,0.079999998,0,118,0,0,0,0,0,5,414,0.13,0.3,0,0
323_CC_2,323,2,U355,CC,Gas CC,NG,355,37.41,1.05,355,170,150,-25,4.5,8,4.14,2,1,1,0,0.5,0,7215.1,4536.1,3196.6,0,0,0.033,967,33,1.07,3.88722,0.478873239,0.65258216,0.82629108,1,NA,7381,7.381,28.69157082,6799,6.799,26.42920878,7789,7.789,30.27755658,8162,8.162,31.72748964,NA,NA,NA,0,0,0.0006,0.079999998,0,118,0,0,0,0,0,5,414,0.13,0.3,0,0
114_SYNC_COND_1,114,1,Sync_Cond,SYNC_COND,Sync_Cond,Sync_Cond,0,103.32,1.0441,0,0,200,-50,0,0,0,0,1,0,1,0,1,0,0,0,0,0,0,0,0,0,0,0,0,0,0,NA,0,0,0,0,0,0,0,0,0,0,0,0,NA,NA,NA,0,0,0,0,0,0,0,0,0,0,0,0,0,0,0,0,0
121_NUCLEAR_1,121,1,U400,NUCLEAR,Nuclear,Nuclear,400,-21.87,1.05,400,396,200,-50,48,24,20,9999,1,9999,1,9999,1,78978,0,9999,0,0,0.12,1100,150,6,0.81035,0.99,0.993333333,0.996666667,1,NA,10000,10,8.1035,0,0,0,0,0,0,0,0,0,NA,NA,NA,0,0,0,0,0,0,0,0,0,0,0,5,471,0.15,0.4,0,0
122_HYDRO_1,122,1,U50,HYDRO,Hydro,Hydro,50,-6.79,1.05,50,0,16,-10,0,0,50,0,1,0,1,0,1,0,0,0,0,0,0.01,1980,20,2,0,1,0,0,0,NA,3412,3.412,0,0,0,0,0,0,0,0,0,0,NA,NA,NA,0,0,0,0,0,0,0,0,0,0,0,3.5,53,0.1,0.28,0,0
122_HYDRO_2,122,2,U50,HYDRO,Hydro,Hydro,50,-6.79,1.05,50,0,16,-10,0,0,50,0,1,0,1,0,1,0,0,0,0,0,0.01,1980,20,2,0,1,0,0,0,NA,3412,3.412,0,0,0,0,0,0,0,0,0,0,NA,NA,NA,0,0,0,0,0,0,0,0,0,0,0,3.5,53,0.1,0.28,0,0
122_HYDRO_3,122,3,U50,HYDRO,Hydro,Hydro,50,-6.79,1.05,50,0,16,-10,0,0,50,0,1,0,1,0,1,0,0,0,0,0,0.01,1980,20,2,0,1,0,0,0,NA,3412,3.412,0,0,0,0,0,0,0,0,0,0,NA,NA,NA,0,0,0,0,0,0,0,0,0,0,0,3.5,53,0.1,0.28,0,0
122_HYDRO_4,122,4,U50,HYDRO,Hydro,Hydro,50,-6.79,1.05,50,0,16,-10,0,0,50,0,1,0,1,0,1,0,0,0,0,0,0.01,1980,20,2,0,1,0,0,0,NA,3412,3.412,0,0,0,0,0,0,0,0,0,0,NA,NA,NA,0,0,0,0,0,0,0,0,0,0,0,3.5,53,0.1,0.28,0,0
122_HYDRO_5,122,5,U50,HYDRO,Hydro,Hydro,50,-6.79,1.05,50,0,16,-10,0,0,50,0,1,0,1,0,1,0,0,0,0,0,0.01,1980,20,2,0,1,0,0,0,NA,3412,3.412,0,0,0,0,0,0,0,0,0,0,NA,NA,NA,0,0,0,0,0,0,0,0,0,0,0,3.5,53,0.1,0.28,0,0
122_HYDRO_6,122,6,U50,HYDRO,Hydro,Hydro,50,-6.79,1.05,50,0,16,-10,0,0,50,0,1,0,1,0,1,0,0,0,0,0,0.01,1980,20,2,0,1,0,0,0,NA,3412,3.412,0,0,0,0,0,0,0,0,0,0,NA,NA,NA,0,0,0,0,0,0,0,0,0,0,0,3.5,53,0.1,0.28,0,0
201_HYDRO_4,201,4,U50,ROR,Hydro,Hydro,50,4.15,1.05,50,0,16,-10,0,0,50,0,1,0,1,0,1,0,0,0,0,0,0.01,1980,20,2,0,1,0,0,0,NA,3412,3.412,0,0,0,0,0,0,0,0,0,0,NA,NA,NA,0,0,0,0,0,0,0,0,0,0,0,3.5,53,0.1,0.28,0,0
214_SYNC_COND_1,214,1,Sync_Cond,SYNC_COND,Sync_Cond,Sync_Cond,0,125.28,1.05,0,0,200,-50,0,0,0,0,1,0,1,0,1,0,0,0,0,0,0,0,0,0,0,0,0,0,0,NA,0,0,0,0,0,0,0,0,0,0,0,0,NA,NA,NA,0,0,0,0,0,0,0,0,0,0,0,0,0,0,0,0,0
215_HYDRO_1,215,1,U50,HYDRO,Hydro,Hydro,50,16,1.0437,50,0,16,-10,0,0,50,0,1,0,1,0,1,0,0,0,0,0,0.01,1980,20,2,0,1,0,0,0,NA,3412,3.412,0,0,0,0,0,0,0,0,0,0,NA,NA,NA,0,0,0,0,0,0,0,0,0,0,0,3.5,53,0.1,0.28,0,0
215_HYDRO_2,215,2,U50,HYDRO,Hydro,Hydro,50,16,1.0437,50,0,16,-10,0,0,50,0,1,0,1,0,1,0,0,0,0,0,0.01,1980,20,2,0,1,0,0,0,NA,3412,3.412,0,0,0,0,0,0,0,0,0,0,NA,NA,NA,0,0,0,0,0,0,0,0,0,0,0,3.5,53,0.1,0.28,0,0
215_HYDRO_3,215,3,U50,HYDRO,Hydro,Hydro,50,16,1.0437,50,0,16,-10,0,0,50,0,1,0,1,0,1,0,0,0,0,0,0.01,1980,20,2,0,1,0,0,0,NA,3412,3.412,0,0,0,0,0,0,0,0,0,0,NA,NA,NA,0,0,0,0,0,0,0,0,0,0,0,3.5,53,0.1,0.28,0,0
222_HYDRO_1,222,1,U50,HYDRO,Hydro,Hydro,50,-6.97,1.05,50,0,16,-10,0,0,50,0,1,0,1,0,1,0,0,0,0,0,0.01,1980,20,2,0,1,0,0,0,NA,3412,3.412,0,0,0,0,0,0,0,0,0,0,NA,NA,NA,0,0,0,0,0,0,0,0,0,0,0,3.5,53,0.1,0.28,0,0
222_HYDRO_2,222,2,U50,HYDRO,Hydro,Hydro,50,-6.97,1.05,50,0,16,-10,0,0,50,0,1,0,1,0,1,0,0,0,0,0,0.01,1980,20,2,0,1,0,0,0,NA,3412,3.412,0,0,0,0,0,0,0,0,0,0,NA,NA,NA,0,0,0,0,0,0,0,0,0,0,0,3.5,53,0.1,0.28,0,0
222_HYDRO_3,222,3,U50,HYDRO,Hydro,Hydro,50,-6.97,1.05,50,0,16,-10,0,0,50,0,1,0,1,0,1,0,0,0,0,0,0.01,1980,20,2,0,1,0,0,0,NA,3412,3.412,0,0,0,0,0,0,0,0,0,0,NA,NA,NA,0,0,0,0,0,0,0,0,0,0,0,3.5,53,0.1,0.28,0,0
222_HYDRO_4,222,4,U50,HYDRO,Hydro,Hydro,50,-6.97,1.05,50,0,16,-10,0,0,50,0,1,0,1,0,1,0,0,0,0,0,0.01,1980,20,2,0,1,0,0,0,NA,3412,3.412,0,0,0,0,0,0,0,0,0,0,NA,NA,NA,0,0,0,0,0,0,0,0,0,0,0,3.5,53,0.1,0.28,0,0
222_HYDRO_5,222,5,U50,HYDRO,Hydro,Hydro,50,-6.97,1.05,50,0,16,-10,0,0,50,0,1,0,1,0,1,0,0,0,0,0,0.01,1980,20,2,0,1,0,0,0,NA,3412,3.412,0,0,0,0,0,0,0,0,0,0,NA,NA,NA,0,0,0,0,0,0,0,0,0,0,0,3.5,53,0.1,0.28,0,0
222_HYDRO_6,222,6,U50,HYDRO,Hydro,Hydro,50,-6.97,1.05,50,0,16,-10,0,0,50,0,1,0,1,0,1,0,0,0,0,0,0.01,1980,20,2,0,1,0,0,0,NA,3412,3.412,0,0,0,0,0,0,0,0,0,0,NA,NA,NA,0,0,0,0,0,0,0,0,0,0,0,3.5,53,0.1,0.28,0,0
314_SYNC_COND_1,314,1,Sync_Cond,SYNC_COND,Sync_Cond,Sync_Cond,0,166.63,1.05,0,0,200,-50,0,0,0,0,1,0,1,0,1,0,0,0,0,0,0,0,0,0,0,0,0,0,0,NA,0,0,0,0,0,0,0,0,0,0,0,0,NA,NA,NA,0,0,0,0,0,0,0,0,0,0,0,0,0,0,0,0,0
322_HYDRO_1,322,1,U50,HYDRO,Hydro,Hydro,50,-5.13,1.05,50,0,16,-10,0,0,50,0,1,0,1,0,1,0,0,0,0,0,0.01,1980,20,2,0,1,0,0,0,NA,3412,3.412,0,0,0,0,0,0,0,0,0,0,NA,NA,NA,0,0,0,0,0,0,0,0,0,0,0,3.5,53,0.1,0.28,0,0
322_HYDRO_2,322,2,U50,HYDRO,Hydro,Hydro,50,-5.13,1.05,50,0,16,-10,0,0,50,0,1,0,1,0,1,0,0,0,0,0,0.01,1980,20,2,0,1,0,0,0,NA,3412,3.412,0,0,0,0,0,0,0,0,0,0,NA,NA,NA,0,0,0,0,0,0,0,0,0,0,0,3.5,53,0.1,0.28,0,0
322_HYDRO_3,322,3,U50,HYDRO,Hydro,Hydro,50,-5.13,1.05,50,0,16,-10,0,0,50,0,1,0,1,0,1,0,0,0,0,0,0.01,1980,20,2,0,1,0,0,0,NA,3412,3.412,0,0,0,0,0,0,0,0,0,0,NA,NA,NA,0,0,0,0,0,0,0,0,0,0,0,3.5,53,0.1,0.28,0,0
322_HYDRO_4,322,4,U50,HYDRO,Hydro,Hydro,50,-5.13,1.05,50,0,16,-10,0,0,50,0,1,0,1,0,1,0,0,0,0,0,0.01,1980,20,2,0,1,0,0,0,NA,3412,3.412,0,0,0,0,0,0,0,0,0,0,NA,NA,NA,0,0,0,0,0,0,0,0,0,0,0,3.5,53,0.1,0.28,0,0
320_PV_1,320,1,PV,PV,Solar PV,Solar,0,0,1,51.6,0,0,0,0,0,51.6,0,1,0,1,0,1,0,0,0,0,0,0,0,0,0,0,0,0,0,0,NA,0,0,0,0,0,0,0,0,0,0,0,0,NA,NA,NA,0,0,0,0,0,0,0,0,0,0,0,0,51.6,0,0,0,0
314_PV_1,314,1,PV,PV,Solar PV,Solar,0,0,1,51.6,0,0,0,0,0,51.6,0,1,0,1,0,1,0,0,0,0,0,0,0,0,0,0,0,0,0,0,NA,0,0,0,0,0,0,0,0,0,0,0,0,NA,NA,NA,0,0,0,0,0,0,0,0,0,0,0,0,51.6,0,0,0,0
314_PV_2,314,2,PV,PV,Solar PV,Solar,0,0,1,51.6,0,0,0,0,0,51.6,0,1,0,1,0,1,0,0,0,0,0,0,0,0,0,0,0,0,0,0,NA,0,0,0,0,0,0,0,0,0,0,0,0,NA,NA,NA,0,0,0,0,0,0,0,0,0,0,0,0,51.6,0,0,0,0
313_PV_1,313,1,PV,PV,Solar PV,Solar,0,0,1,95.1,0,0,0,0,0,95.1,0,1,0,1,0,1,0,0,0,0,0,0,0,0,0,0,0,0,0,0,NA,0,0,0,0,0,0,0,0,0,0,0,0,NA,NA,NA,0,0,0,0,0,0,0,0,0,0,0,0,95.1,0,0,0,0
314_PV_3,314,3,PV,PV,Solar PV,Solar,0,0,1,92.7,0,0,0,0,0,92.7,0,1,0,1,0,1,0,0,0,0,0,0,0,0,0,0,0,0,0,0,NA,0,0,0,0,0,0,0,0,0,0,0,0,NA,NA,NA,0,0,0,0,0,0,0,0,0,0,0,0,92.7,0,0,0,0
314_PV_4,314,4,PV,PV,Solar PV,Solar,0,0,1,51.6,0,0,0,0,0,51.6,0,1,0,1,0,1,0,0,0,0,0,0,0,0,0,0,0,0,0,0,NA,0,0,0,0,0,0,0,0,0,0,0,0,NA,NA,NA,0,0,0,0,0,0,0,0,0,0,0,0,51.6,0,0,0,0
313_PV_2,313,2,PV,PV,Solar PV,Solar,0,0,1,93.3,0,0,0,0,0,93.3,0,1,0,1,0,1,0,0,0,0,0,0,0,0,0,0,0,0,0,0,NA,0,0,0,0,0,0,0,0,0,0,0,0,NA,NA,NA,0,0,0,0,0,0,0,0,0,0,0,0,93.3,0,0,0,0
310_PV_1,310,1,PV,PV,Solar PV,Solar,0,0,1,51.7,0,0,0,0,0,51.7,0,1,0,1,0,1,0,0,0,0,0,0,0,0,0,0,0,0,0,0,NA,0,0,0,0,0,0,0,0,0,0,0,0,NA,NA,NA,0,0,0,0,0,0,0,0,0,0,0,0,51.7,0,0,0,0
324_PV_1,324,1,PV,PV,Solar PV,Solar,0,0,1,49.7,0,0,0,0,0,49.7,0,1,0,1,0,1,0,0,0,0,0,0,0,0,0,0,0,0,0,0,NA,0,0,0,0,0,0,0,0,0,0,0,0,NA,NA,NA,0,0,0,0,0,0,0,0,0,0,0,0,49.7,0,0,0,0
312_PV_1,312,1,PV,PV,Solar PV,Solar,0,0,1,94.1,0,0,0,0,0,94.1,0,1,0,1,0,1,0,0,0,0,0,0,0,0,0,0,0,0,0,0,NA,0,0,0,0,0,0,0,0,0,0,0,0,NA,NA,NA,0,0,0,0,0,0,0,0,0,0,0,0,94.1,0,0,0,0
310_PV_2,310,2,PV,PV,Solar PV,Solar,0,0,1,51.6,0,0,0,0,0,51.6,0,1,0,1,0,1,0,0,0,0,0,0,0,0,0,0,0,0,0,0,NA,0,0,0,0,0,0,0,0,0,0,0,0,NA,NA,NA,0,0,0,0,0,0,0,0,0,0,0,0,51.6,0,0,0,0
324_PV_2,324,2,PV,PV,Solar PV,Solar,0,0,1,51.6,0,0,0,0,0,51.6,0,1,0,1,0,1,0,0,0,0,0,0,0,0,0,0,0,0,0,0,NA,0,0,0,0,0,0,0,0,0,0,0,0,NA,NA,NA,0,0,0,0,0,0,0,0,0,0,0,0,51.6,0,0,0,0
324_PV_3,324,3,PV,PV,Solar PV,Solar,0,0,1,51,0,0,0,0,0,51,0,1,0,1,0,1,0,0,0,0,0,0,0,0,0,0,0,0,0,0,NA,0,0,0,0,0,0,0,0,0,0,0,0,NA,NA,NA,0,0,0,0,0,0,0,0,0,0,0,0,51,0,0,0,0
113_PV_1,113,1,PV,PV,Solar PV,Solar,0,0,1,93.6,0,0,0,0,0,93.6,0,1,0,1,0,1,0,0,0,0,0,0,0,0,0,0,0,0,0,0,NA,0,0,0,0,0,0,0,0,0,0,0,0,NA,NA,NA,0,0,0,0,0,0,0,0,0,0,0,0,93.6,0,0,0,0
319_PV_1,319,1,PV,PV,Solar PV,Solar,0,0,1,188.2,0,0,0,0,0,188.2,0,1,0,1,0,1,0,0,0,0,0,0,0,0,0,0,0,0,0,0,NA,0,0,0,0,0,0,0,0,0,0,0,0,NA,NA,NA,0,0,0,0,0,0,0,0,0,0,0,0,188.2,0,0,0,0
215_PV_1,215,1,PV,PV,Solar PV,Solar,0,0,1,125.1,0,0,0,0,0,125.1,0,1,0,1,0,1,0,0,0,0,0,0,0,0,0,0,0,0,0,0,NA,0,0,0,0,0,0,0,0,0,0,0,0,NA,NA,NA,0,0,0,0,0,0,0,0,0,0,0,0,125.1,0,0,0,0
102_PV_1,102,1,PV,PV,Solar PV,Solar,0,0,1,25.6,0,0,0,0,0,25.6,0,1,0,1,0,1,0,0,0,0,0,0,0,0,0,0,0,0,0,0,NA,0,0,0,0,0,0,0,0,0,0,0,0,NA,NA,NA,0,0,0,0,0,0,0,0,0,0,0,0,25.6,0,0,0,0
101_PV_1,101,1,PV,PV,Solar PV,Solar,0,0,1,25.9,0,0,0,0,0,25.9,0,1,0,1,0,1,0,0,0,0,0,0,0,0,0,0,0,0,0,0,NA,0,0,0,0,0,0,0,0,0,0,0,0,NA,NA,NA,0,0,0,0,0,0,0,0,0,0,0,0,25.9,0,0,0,0
102_PV_2,102,2,PV,PV,Solar PV,Solar,0,0,1,25.3,0,0,0,0,0,25.3,0,1,0,1,0,1,0,0,0,0,0,0,0,0,0,0,0,0,0,0,NA,0,0,0,0,0,0,0,0,0,0,0,0,NA,NA,NA,0,0,0,0,0,0,0,0,0,0,0,0,25.3,0,0,0,0
104_PV_1,104,1,PV,PV,Solar PV,Solar,0,0,1,26.8,0,0,0,0,0,26.8,0,1,0,1,0,1,0,0,0,0,0,0,0,0,0,0,0,0,0,0,NA,0,0,0,0,0,0,0,0,0,0,0,0,NA,NA,NA,0,0,0,0,0,0,0,0,0,0,0,0,26.8,0,0,0,0
212_CSP_1,212,1,CSP,CSP,CSP,Solar,0,0,1,200,30,0,0,1,1,20,1,1,0.5,0,0.17,0,0,0,0,10000,10000,0.04,576,24,0,0,0.15,0.33,0.6,0.8,1,0.83,0.00083,0,0.989475983,0.000989476,0,1.05501992,0.00105502,0,1.055274725,0.001055275,0,1.042105263,0.001042105,0,1.1,0,0,0,0,0,0,0,0,0,0,0,200,0,0,0,0
101_PV_2,101,2,PV,PV,Solar PV,Solar,0,0,1,26.7,0,0,0,0,0,26.7,0,1,0,1,0,1,0,0,0,0,0,0,0,0,0,0,0,0,0,0,NA,0,0,0,0,0,0,0,0,0,0,0,0,NA,NA,NA,0,0,0,0,0,0,0,0,0,0,0,0,26.7,0,0,0,0
101_PV_3,101,3,PV,PV,Solar PV,Solar,0,0,1,26.2,0,0,0,0,0,26.2,0,1,0,1,0,1,0,0,0,0,0,0,0,0,0,0,0,0,0,0,NA,0,0,0,0,0,0,0,0,0,0,0,0,NA,NA,NA,0,0,0,0,0,0,0,0,0,0,0,0,26.2,0,0,0,0
101_PV_4,101,4,PV,PV,Solar PV,Solar,0,0,1,25.8,0,0,0,0,0,25.8,0,1,0,1,0,1,0,0,0,0,0,0,0,0,0,0,0,0,0,0,NA,0,0,0,0,0,0,0,0,0,0,0,0,NA,NA,NA,0,0,0,0,0,0,0,0,0,0,0,0,25.8,0,0,0,0
103_PV_1,103,1,PV,PV,Solar PV,Solar,0,0,1,61.5,0,0,0,0,0,61.5,0,1,0,1,0,1,0,0,0,0,0,0,0,0,0,0,0,0,0,0,NA,0,0,0,0,0,0,0,0,0,0,0,0,NA,NA,NA,0,0,0,0,0,0,0,0,0,0,0,0,61.5,0,0,0,0
119_PV_1,119,1,PV,PV,Solar PV,Solar,0,0,1,66.6,0,0,0,0,0,66.6,0,1,0,1,0,1,0,0,0,0,0,0,0,0,0,0,0,0,0,0,NA,0,0,0,0,0,0,0,0,0,0,0,0,NA,NA,NA,0,0,0,0,0,0,0,0,0,0,0,0,66.6,0,0,0,0
308_RTPV_1,308,1,RTPV,RTPV,Solar RTPV,Solar,0,0,1,100.9,0,0,0,0,0,100.9,0,1,0,1,0,1,0,0,0,0,0,0,0,0,0,0,0,0,0,0,NA,0,0,0,0,0,0,0,0,0,0,0,0,NA,NA,NA,0,0,0,0,0,0,0,0,0,0,0,0,100.9,0,0,0,0
313_RTPV_1,313,1,RTPV,RTPV,Solar RTPV,Solar,0,0,1,101.7,0,0,0,0,0,101.7,0,1,0,1,0,1,0,0,0,0,0,0,0,0,0,0,0,0,0,0,NA,0,0,0,0,0,0,0,0,0,0,0,0,NA,NA,NA,0,0,0,0,0,0,0,0,0,0,0,0,101.7,0,0,0,0
313_RTPV_2,313,2,RTPV,RTPV,Solar RTPV,Solar,0,0,1,63.1,0,0,0,0,0,63.1,0,1,0,1,0,1,0,0,0,0,0,0,0,0,0,0,0,0,0,0,NA,0,0,0,0,0,0,0,0,0,0,0,0,NA,NA,NA,0,0,0,0,0,0,0,0,0,0,0,0,63.1,0,0,0,0
313_RTPV_3,313,3,RTPV,RTPV,Solar RTPV,Solar,0,0,1,65.4,0,0,0,0,0,65.4,0,1,0,1,0,1,0,0,0,0,0,0,0,0,0,0,0,0,0,0,NA,0,0,0,0,0,0,0,0,0,0,0,0,NA,NA,NA,0,0,0,0,0,0,0,0,0,0,0,0,65.4,0,0,0,0
313_RTPV_4,313,4,RTPV,RTPV,Solar RTPV,Solar,0,0,1,67,0,0,0,0,0,67,0,1,0,1,0,1,0,0,0,0,0,0,0,0,0,0,0,0,0,0,NA,0,0,0,0,0,0,0,0,0,0,0,0,NA,NA,NA,0,0,0,0,0,0,0,0,0,0,0,0,67,0,0,0,0
313_RTPV_5,313,5,RTPV,RTPV,Solar RTPV,Solar,0,0,1,64.8,0,0,0,0,0,64.8,0,1,0,1,0,1,0,0,0,0,0,0,0,0,0,0,0,0,0,0,NA,0,0,0,0,0,0,0,0,0,0,0,0,NA,NA,NA,0,0,0,0,0,0,0,0,0,0,0,0,64.8,0,0,0,0
313_RTPV_6,313,6,RTPV,RTPV,Solar RTPV,Solar,0,0,1,63.8,0,0,0,0,0,63.8,0,1,0,1,0,1,0,0,0,0,0,0,0,0,0,0,0,0,0,0,NA,0,0,0,0,0,0,0,0,0,0,0,0,NA,NA,NA,0,0,0,0,0,0,0,0,0,0,0,0,63.8,0,0,0,0
313_RTPV_7,313,7,RTPV,RTPV,Solar RTPV,Solar,0,0,1,64.1,0,0,0,0,0,64.1,0,1,0,1,0,1,0,0,0,0,0,0,0,0,0,0,0,0,0,0,NA,0,0,0,0,0,0,0,0,0,0,0,0,NA,NA,NA,0,0,0,0,0,0,0,0,0,0,0,0,64.1,0,0,0,0
313_RTPV_8,313,8,RTPV,RTPV,Solar RTPV,Solar,0,0,1,66.6,0,0,0,0,0,66.6,0,1,0,1,0,1,0,0,0,0,0,0,0,0,0,0,0,0,0,0,NA,0,0,0,0,0,0,0,0,0,0,0,0,NA,NA,NA,0,0,0,0,0,0,0,0,0,0,0,0,66.6,0,0,0,0
313_RTPV_9,313,9,RTPV,RTPV,Solar RTPV,Solar,0,0,1,62.4,0,0,0,0,0,62.4,0,1,0,1,0,1,0,0,0,0,0,0,0,0,0,0,0,0,0,0,NA,0,0,0,0,0,0,0,0,0,0,0,0,NA,NA,NA,0,0,0,0,0,0,0,0,0,0,0,0,62.4,0,0,0,0
313_RTPV_10,313,10,RTPV,RTPV,Solar RTPV,Solar,0,0,1,66.9,0,0,0,0,0,66.9,0,1,0,1,0,1,0,0,0,0,0,0,0,0,0,0,0,0,0,0,NA,0,0,0,0,0,0,0,0,0,0,0,0,NA,NA,NA,0,0,0,0,0,0,0,0,0,0,0,0,66.9,0,0,0,0
313_RTPV_11,313,11,RTPV,RTPV,Solar RTPV,Solar,0,0,1,65.2,0,0,0,0,0,65.2,0,1,0,1,0,1,0,0,0,0,0,0,0,0,0,0,0,0,0,0,NA,0,0,0,0,0,0,0,0,0,0,0,0,NA,NA,NA,0,0,0,0,0,0,0,0,0,0,0,0,65.2,0,0,0,0
313_RTPV_12,313,12,RTPV,RTPV,Solar RTPV,Solar,0,0,1,27.8,0,0,0,0,0,27.8,0,1,0,1,0,1,0,0,0,0,0,0,0,0,0,0,0,0,0,0,NA,0,0,0,0,0,0,0,0,0,0,0,0,NA,NA,NA,0,0,0,0,0,0,0,0,0,0,0,0,27.8,0,0,0,0
320_RTPV_1,320,1,RTPV,RTPV,Solar RTPV,Solar,0,0,1,27.3,0,0,0,0,0,27.3,0,1,0,1,0,1,0,0,0,0,0,0,0,0,0,0,0,0,0,0,NA,0,0,0,0,0,0,0,0,0,0,0,0,NA,NA,NA,0,0,0,0,0,0,0,0,0,0,0,0,27.3,0,0,0,0
320_RTPV_2,320,2,RTPV,RTPV,Solar RTPV,Solar,0,0,1,27,0,0,0,0,0,27,0,1,0,1,0,1,0,0,0,0,0,0,0,0,0,0,0,0,0,0,NA,0,0,0,0,0,0,0,0,0,0,0,0,NA,NA,NA,0,0,0,0,0,0,0,0,0,0,0,0,27,0,0,0,0
320_RTPV_3,320,3,RTPV,RTPV,Solar RTPV,Solar,0,0,1,28.3,0,0,0,0,0,28.3,0,1,0,1,0,1,0,0,0,0,0,0,0,0,0,0,0,0,0,0,NA,0,0,0,0,0,0,0,0,0,0,0,0,NA,NA,NA,0,0,0,0,0,0,0,0,0,0,0,0,28.3,0,0,0,0
313_RTPV_13,313,13,RTPV,RTPV,Solar RTPV,Solar,0,0,1,27.2,0,0,0,0,0,27.2,0,1,0,1,0,1,0,0,0,0,0,0,0,0,0,0,0,0,0,0,NA,0,0,0,0,0,0,0,0,0,0,0,0,NA,NA,NA,0,0,0,0,0,0,0,0,0,0,0,0,27.2,0,0,0,0
320_RTPV_4,320,4,RTPV,RTPV,Solar RTPV,Solar,0,0,1,27,0,0,0,0,0,27,0,1,0,1,0,1,0,0,0,0,0,0,0,0,0,0,0,0,0,0,NA,0,0,0,0,0,0,0,0,0,0,0,0,NA,NA,NA,0,0,0,0,0,0,0,0,0,0,0,0,27,0,0,0,0
320_RTPV_5,320,5,RTPV,RTPV,Solar RTPV,Solar,0,0,1,28.2,0,0,0,0,0,28.2,0,1,0,1,0,1,0,0,0,0,0,0,0,0,0,0,0,0,0,0,NA,0,0,0,0,0,0,0,0,0,0,0,0,NA,NA,NA,0,0,0,0,0,0,0,0,0,0,0,0,28.2,0,0,0,0
118_RTPV_1,118,1,RTPV,RTPV,Solar RTPV,Solar,0,0,1,9.3,0,0,0,0,0,9.3,0,1,0,1,0,1,0,0,0,0,0,0,0,0,0,0,0,0,0,0,NA,0,0,0,0,0,0,0,0,0,0,0,0,NA,NA,NA,0,0,0,0,0,0,0,0,0,0,0,0,9.3,0,0,0,0
118_RTPV_2,118,2,RTPV,RTPV,Solar RTPV,Solar,0,0,1,9.7,0,0,0,0,0,9.7,0,1,0,1,0,1,0,0,0,0,0,0,0,0,0,0,0,0,0,0,NA,0,0,0,0,0,0,0,0,0,0,0,0,NA,NA,NA,0,0,0,0,0,0,0,0,0,0,0,0,9.7,0,0,0,0
118_RTPV_3,118,3,RTPV,RTPV,Solar RTPV,Solar,0,0,1,9.4,0,0,0,0,0,9.4,0,1,0,1,0,1,0,0,0,0,0,0,0,0,0,0,0,0,0,0,NA,0,0,0,0,0,0,0,0,0,0,0,0,NA,NA,NA,0,0,0,0,0,0,0,0,0,0,0,0,9.4,0,0,0,0
118_RTPV_4,118,4,RTPV,RTPV,Solar RTPV,Solar,0,0,1,9.1,0,0,0,0,0,9.1,0,1,0,1,0,1,0,0,0,0,0,0,0,0,0,0,0,0,0,0,NA,0,0,0,0,0,0,0,0,0,0,0,0,NA,NA,NA,0,0,0,0,0,0,0,0,0,0,0,0,9.1,0,0,0,0
118_RTPV_5,118,5,RTPV,RTPV,Solar RTPV,Solar,0,0,1,9.1,0,0,0,0,0,9.1,0,1,0,1,0,1,0,0,0,0,0,0,0,0,0,0,0,0,0,0,NA,0,0,0,0,0,0,0,0,0,0,0,0,NA,NA,NA,0,0,0,0,0,0,0,0,0,0,0,0,9.1,0,0,0,0
118_RTPV_6,118,6,RTPV,RTPV,Solar RTPV,Solar,0,0,1,9.7,0,0,0,0,0,9.7,0,1,0,1,0,1,0,0,0,0,0,0,0,0,0,0,0,0,0,0,NA,0,0,0,0,0,0,0,0,0,0,0,0,NA,NA,NA,0,0,0,0,0,0,0,0,0,0,0,0,9.7,0,0,0,0
320_RTPV_6,320,6,RTPV,RTPV,Solar RTPV,Solar,0,0,1,9.4,0,0,0,0,0,9.4,0,1,0,1,0,1,0,0,0,0,0,0,0,0,0,0,0,0,0,0,NA,0,0,0,0,0,0,0,0,0,0,0,0,NA,NA,NA,0,0,0,0,0,0,0,0,0,0,0,0,9.4,0,0,0,0
118_RTPV_7,118,7,RTPV,RTPV,Solar RTPV,Solar,0,0,1,11.8,0,0,0,0,0,11.8,0,1,0,1,0,1,0,0,0,0,0,0,0,0,0,0,0,0,0,0,NA,0,0,0,0,0,0,0,0,0,0,0,0,NA,NA,NA,0,0,0,0,0,0,0,0,0,0,0,0,11.8,0,0,0,0
118_RTPV_8,118,8,RTPV,RTPV,Solar RTPV,Solar,0,0,1,11.2,0,0,0,0,0,11.2,0,1,0,1,0,1,0,0,0,0,0,0,0,0,0,0,0,0,0,0,NA,0,0,0,0,0,0,0,0,0,0,0,0,NA,NA,NA,0,0,0,0,0,0,0,0,0,0,0,0,11.2,0,0,0,0
118_RTPV_9,118,9,RTPV,RTPV,Solar RTPV,Solar,0,0,1,10.3,0,0,0,0,0,10.3,0,1,0,1,0,1,0,0,0,0,0,0,0,0,0,0,0,0,0,0,NA,0,0,0,0,0,0,0,0,0,0,0,0,NA,NA,NA,0,0,0,0,0,0,0,0,0,0,0,0,10.3,0,0,0,0
118_RTPV_10,118,10,RTPV,RTPV,Solar RTPV,Solar,0,0,1,4.5,0,0,0,0,0,4.5,0,1,0,1,0,1,0,0,0,0,0,0,0,0,0,0,0,0,0,0,NA,0,0,0,0,0,0,0,0,0,0,0,0,NA,NA,NA,0,0,0,0,0,0,0,0,0,0,0,0,4.5,0,0,0,0
213_RTPV_1,213,1,RTPV,RTPV,Solar RTPV,Solar,0,0,1,13.2,0,0,0,0,0,13.2,0,1,0,1,0,1,0,0,0,0,0,0,0,0,0,0,0,0,0,0,NA,0,0,0,0,0,0,0,0,0,0,0,0,NA,NA,NA,0,0,0,0,0,0,0,0,0,0,0,0,13.2,0,0,0,0
309_WIND_1,309,1,WIND,WIND,Wind,Wind,0,0,1,148.3,0,0,0,0,0,148.3,0,1,0,1,0,1,0,0,0,0,0,0,0,0,0,0,0,0,0,0,NA,0,0,0,0,0,0,0,0,0,0,0,0,NA,NA,NA,0,0,0,0,0,0,0,0,0,0,0,0,148.3,0,0,0,0
317_WIND_1,317,1,WIND,WIND,Wind,Wind,0,0,1,799.1,0,0,0,0,0,799.1,0,1,0,1,0,1,0,0,0,0,0,0,0,0,0,0,0,0,0,0,NA,0,0,0,0,0,0,0,0,0,0,0,0,NA,NA,NA,0,0,0,0,0,0,0,0,0,0,0,0,799.1,0,0,0,0
303_WIND_1,303,1,WIND,WIND,Wind,Wind,0,0,1,847,0,0,0,0,0,847,0,1,0,1,0,1,0,0,0,0,0,0,0,0,0,0,0,0,0,0,NA,0,0,0,0,0,0,0,0,0,0,0,0,NA,NA,NA,0,0,0,0,0,0,0,0,0,0,0,0,847,0,0,0,0
122_WIND_1,122,1,WIND,WIND,Wind,Wind,0,0,1,713.5,0,0,0,0,0,713.5,0,1,0,1,0,1,0,0,0,0,0,0,0,0,0,0,0,0,0,0,NA,0,0,0,0,0,0,0,0,0,0,0,0,NA,NA,NA,0,0,0,0,0,0,0,0,0,0,0,0,713.5,0,0,0,0
313_STORAGE_1,313,1,STORAGE,STORAGE,Storage,Storage,0,0,1,50,0,0,0,0,0,50,0,1,0,1,0,1,0,0,0,0,0,0,0,0,0,0,0,0,0,0,NA,0,0,0,0,0,0,0,0,0,0,0,0,NA,NA,NA,0,0,0,0,0,0,0,0,0,0,0,0,50,0,0,50,85
